School,Role,Email,Password,First Name,Last Name
La Salle University,Student,ella.gonzalez70@lasalleuniversity.edu.ph,Student123!,Ella,Gonzalez
La Salle University,Student,marianne.huang62@lasalleuniversity.edu.ph,Student123!,Marianne,Huang
La Salle University,Student,joshua.davis50@lasalleuniversity.edu.ph,Student123!,Joshua,Davis
La Salle University,Student,luis.hassan72@lasalleuniversity.edu.ph,Student123!,Luis,Hassan
La Salle University,Student,elizabeth.harris8@lasalleuniversity.edu.ph,Student123!,Elizabeth,Harris
La Salle University,Student,fatima.cruz65@lasalleuniversity.edu.ph,Student123!,Fatima,Cruz
La Salle University,Student,joseph.pascual9@lasalleuniversity.edu.ph,Student123!,Joseph,Pascual
La Salle University,Student,kenji.walker32@lasalleuniversity.edu.ph,Student123!,Kenji,Walker
La Salle University,Student,addison.hernandez73@lasalleuniversity.edu.ph,Student123!,Addison,Hernandez
La Salle University,Student,katrina.king41@lasalleuniversity.edu.ph,Student123!,Katrina,King
La Salle University,Student,emma.taylor59@lasalleuniversity.edu.ph,Student123!,Emma,Taylor
La Salle University,Student,john.tolentino13@lasalleuniversity.edu.ph,Student123!,John,Tolentino
La Salle University,Student,grace.king9@lasalleuniversity.edu.ph,Student123!,Grace,King
La Salle University,Student,luis.lee91@lasalleuniversity.edu.ph,Student123!,Luis,Lee
La Salle University,Student,hiroshi.rao85@lasalleuniversity.edu.ph,Student123!,Hiroshi,Rao
La Salle University,Student,mateo.anderson20@lasalleuniversity.edu.ph,Student123!,Mateo,Anderson
La Salle University,Student,luke.clark88@lasalleuniversity.edu.ph,Student123!,Luke,Clark
La Salle University,Student,grace.domingo7@lasalleuniversity.edu.ph,Student123!,Grace,Domingo
La Salle University,Student,diya.scott82@lasalleuniversity.edu.ph,Student123!,Diya,Scott
La Salle University,Student,zainab.ocampo72@lasalleuniversity.edu.ph,Student123!,Zainab,Ocampo
La Salle University,Student,charles.ito48@lasalleuniversity.edu.ph,Student123!,Charles,Ito
La Salle University,Student,amelia.taylor6@lasalleuniversity.edu.ph,Student123!,Amelia,Taylor
La Salle University,Student,akira.young53@lasalleuniversity.edu.ph,Student123!,Akira,Young
La Salle University,Student,marianne.walker23@lasalleuniversity.edu.ph,Student123!,Marianne,Walker
La Salle University,Student,jessica.chen53@lasalleuniversity.edu.ph,Student123!,Jessica,Chen
La Salle University,Student,juan.lee49@lasalleuniversity.edu.ph,Student123!,Juan,Lee
La Salle University,Student,margaret.sanchez45@lasalleuniversity.edu.ph,Student123!,Margaret,Sanchez
La Salle University,Student,margaret.brown36@lasalleuniversity.edu.ph,Student123!,Margaret,Brown
La Salle University,Student,noah.yamamoto69@lasalleuniversity.edu.ph,Student123!,Noah,Yamamoto
La Salle University,Student,mark.king34@lasalleuniversity.edu.ph,Student123!,Mark,King
La Salle University,Student,dylan.villanueva41@lasalleuniversity.edu.ph,Student123!,Dylan,Villanueva
La Salle University,Student,logan.miranda91@lasalleuniversity.edu.ph,Student123!,Logan,Miranda
La Salle University,Student,aria.nair95@lasalleuniversity.edu.ph,Student123!,Aria,Nair
La Salle University,Student,elijah.villanueva43@lasalleuniversity.edu.ph,Student123!,Elijah,Villanueva
La Salle University,Student,leah.thomas65@lasalleuniversity.edu.ph,Student123!,Leah,Thomas
La Salle University,Student,valeria.singh17@lasalleuniversity.edu.ph,Student123!,Valeria,Singh
La Salle University,Student,hiroshi.chen23@lasalleuniversity.edu.ph,Student123!,Hiroshi,Chen
La Salle University,Student,olivia.aguilar27@lasalleuniversity.edu.ph,Student123!,Olivia,Aguilar
La Salle University,Student,ethan.ocampo66@lasalleuniversity.edu.ph,Student123!,Ethan,Ocampo
La Salle University,Student,leah.hernandez82@lasalleuniversity.edu.ph,Student123!,Leah,Hernandez
La Salle University,Student,daniel.rao40@lasalleuniversity.edu.ph,Student123!,Daniel,Rao
La Salle University,Student,linda.brown61@lasalleuniversity.edu.ph,Student123!,Linda,Brown
La Salle University,Student,jackson.ali92@lasalleuniversity.edu.ph,Student123!,Jackson,Ali
La Salle University,Student,olivia.young1@lasalleuniversity.edu.ph,Student123!,Olivia,Young
La Salle University,Student,margaret.thompson67@lasalleuniversity.edu.ph,Student123!,Margaret,Thompson
La Salle University,Student,gabriel.young60@lasalleuniversity.edu.ph,Student123!,Gabriel,Young
La Salle University,Student,rhea.huang93@lasalleuniversity.edu.ph,Student123!,Rhea,Huang
La Salle University,Student,diya.aguilar96@lasalleuniversity.edu.ph,Student123!,Diya,Aguilar
La Salle University,Student,mateo.huang36@lasalleuniversity.edu.ph,Student123!,Mateo,Huang
La Salle University,Student,aubrey.walker92@lasalleuniversity.edu.ph,Student123!,Aubrey,Walker
La Salle University,Student,juan.santos11@lasalleuniversity.edu.ph,Student123!,Juan,Santos
La Salle University,Student,sandra.park9@lasalleuniversity.edu.ph,Student123!,Sandra,Park
La Salle University,Student,mariana.molina27@lasalleuniversity.edu.ph,Student123!,Mariana,Molina
La Salle University,Student,joshua.gupta3@lasalleuniversity.edu.ph,Student123!,Joshua,Gupta
La Salle University,Student,sebastian.smith50@lasalleuniversity.edu.ph,Student123!,Sebastian,Smith
La Salle University,Student,jack.lewis4@lasalleuniversity.edu.ph,Student123!,Jack,Lewis
La Salle University,Student,hiroshi.watanabe22@lasalleuniversity.edu.ph,Student123!,Hiroshi,Watanabe
La Salle University,Student,addison.alcantara76@lasalleuniversity.edu.ph,Student123!,Addison,Alcantara
La Salle University,Student,christopher.yamamoto24@lasalleuniversity.edu.ph,Student123!,Christopher,Yamamoto
La Salle University,Student,mason.bautista44@lasalleuniversity.edu.ph,Student123!,Mason,Bautista
La Salle University,Student,omar.ali61@lasalleuniversity.edu.ph,Student123!,Omar,Ali
La Salle University,Student,rhea.rizal84@lasalleuniversity.edu.ph,Student123!,Rhea,Rizal
La Salle University,Student,rhea.young80@lasalleuniversity.edu.ph,Student123!,Rhea,Young
La Salle University,Student,patricia.soriano60@lasalleuniversity.edu.ph,Student123!,Patricia,Soriano
La Salle University,Student,susan.salazar92@lasalleuniversity.edu.ph,Student123!,Susan,Salazar
La Salle University,Student,isabella.wilson74@lasalleuniversity.edu.ph,Student123!,Isabella,Wilson
La Salle University,Student,emma.li14@lasalleuniversity.edu.ph,Student123!,Emma,Li
La Salle University,Student,aarav.ferrer55@lasalleuniversity.edu.ph,Student123!,Aarav,Ferrer
La Salle University,Student,thomas.castro54@lasalleuniversity.edu.ph,Student123!,Thomas,Castro
La Salle University,Student,amelia.mendoza59@lasalleuniversity.edu.ph,Student123!,Amelia,Mendoza
La Salle University,Student,jessica.liu35@lasalleuniversity.edu.ph,Student123!,Jessica,Liu
La Salle University,Student,ethan.villanueva35@lasalleuniversity.edu.ph,Student123!,Ethan,Villanueva
La Salle University,Student,diya.lopez32@lasalleuniversity.edu.ph,Student123!,Diya,Lopez
La Salle University,Student,liam.brown24@lasalleuniversity.edu.ph,Student123!,Liam,Brown
La Salle University,Student,oliver.reddy77@lasalleuniversity.edu.ph,Student123!,Oliver,Reddy
La Salle University,Student,aria.harris53@lasalleuniversity.edu.ph,Student123!,Aria,Harris
La Salle University,Student,yuki.soriano58@lasalleuniversity.edu.ph,Student123!,Yuki,Soriano
La Salle University,Student,sofia.lewis40@lasalleuniversity.edu.ph,Student123!,Sofia,Lewis
La Salle University,Student,samuel.aguilar96@lasalleuniversity.edu.ph,Student123!,Samuel,Aguilar
La Salle University,Student,oliver.nakamura33@lasalleuniversity.edu.ph,Student123!,Oliver,Nakamura
La Salle University,Student,sakura.harris98@lasalleuniversity.edu.ph,Student123!,Sakura,Harris
La Salle University,Student,betty.chen76@lasalleuniversity.edu.ph,Student123!,Betty,Chen
La Salle University,Student,matthew.harris23@lasalleuniversity.edu.ph,Student123!,Matthew,Harris
La Salle University,Student,aoi.alcantara7@lasalleuniversity.edu.ph,Student123!,Aoi,Alcantara
La Salle University,Student,mei.taylor63@lasalleuniversity.edu.ph,Student123!,Mei,Taylor
La Salle University,Student,isaac.torres44@lasalleuniversity.edu.ph,Student123!,Isaac,Torres
La Salle University,Student,carlos.rivera52@lasalleuniversity.edu.ph,Student123!,Carlos,Rivera
La Salle University,Student,isaac.castillo73@lasalleuniversity.edu.ph,Student123!,Isaac,Castillo
La Salle University,Student,alejandro.thomas78@lasalleuniversity.edu.ph,Student123!,Alejandro,Thomas
La Salle University,Student,ali.bautista57@lasalleuniversity.edu.ph,Student123!,Ali,Bautista
La Salle University,Student,isabella.ferrer98@lasalleuniversity.edu.ph,Student123!,Isabella,Ferrer
La Salle University,Student,mateo.suzuki71@lasalleuniversity.edu.ph,Student123!,Mateo,Suzuki
La Salle University,Student,james.das61@lasalleuniversity.edu.ph,Student123!,James,Das
La Salle University,Student,sandra.torres59@lasalleuniversity.edu.ph,Student123!,Sandra,Torres
La Salle University,Student,marianne.king76@lasalleuniversity.edu.ph,Student123!,Marianne,King
La Salle University,Student,mia.anderson20@lasalleuniversity.edu.ph,Student123!,Mia,Anderson
La Salle University,Student,charles.davis77@lasalleuniversity.edu.ph,Student123!,Charles,Davis
La Salle University,Student,harper.thomas90@lasalleuniversity.edu.ph,Student123!,Harper,Thomas
La Salle University,Student,grace.molina77@lasalleuniversity.edu.ph,Student123!,Grace,Molina
La Salle University,Student,zainab.bautista12@lasalleuniversity.edu.ph,Student123!,Zainab,Bautista
La Salle University,Student,tariq.watanabe6@lasalleuniversity.edu.ph,Student123!,Tariq,Watanabe
La Salle University,Student,aria.sato24@lasalleuniversity.edu.ph,Student123!,Aria,Sato
La Salle University,Student,stella.rao61@lasalleuniversity.edu.ph,Student123!,Stella,Rao
La Salle University,Student,mariana.bautista43@lasalleuniversity.edu.ph,Student123!,Mariana,Bautista
La Salle University,Student,luis.suzuki71@lasalleuniversity.edu.ph,Student123!,Luis,Suzuki
La Salle University,Student,daniel.cruz99@lasalleuniversity.edu.ph,Student123!,Daniel,Cruz
La Salle University,Student,leah.molina25@lasalleuniversity.edu.ph,Student123!,Leah,Molina
La Salle University,Student,addison.huang98@lasalleuniversity.edu.ph,Student123!,Addison,Huang
La Salle University,Student,juan.aguilar57@lasalleuniversity.edu.ph,Student123!,Juan,Aguilar
La Salle University,Student,michael.castillo91@lasalleuniversity.edu.ph,Student123!,Michael,Castillo
La Salle University,Student,ella.johnson29@lasalleuniversity.edu.ph,Student123!,Ella,Johnson
La Salle University,Student,rhea.thomas64@lasalleuniversity.edu.ph,Student123!,Rhea,Thomas
La Salle University,Student,sophia.rivera71@lasalleuniversity.edu.ph,Student123!,Sophia,Rivera
La Salle University,Student,karen.guzman18@lasalleuniversity.edu.ph,Student123!,Karen,Guzman
La Salle University,Student,hassan.verma65@lasalleuniversity.edu.ph,Student123!,Hassan,Verma
La Salle University,Student,luis.zhang75@lasalleuniversity.edu.ph,Student123!,Luis,Zhang
La Salle University,Student,enrico.martin45@lasalleuniversity.edu.ph,Student123!,Enrico,Martin
La Salle University,Student,jackson.bautista31@lasalleuniversity.edu.ph,Student123!,Jackson,Bautista
La Salle University,Student,sandra.sharma91@lasalleuniversity.edu.ph,Student123!,Sandra,Sharma
La Salle University,Student,leah.verma20@lasalleuniversity.edu.ph,Student123!,Leah,Verma
La Salle University,Student,patricia.castro13@lasalleuniversity.edu.ph,Student123!,Patricia,Castro
Misamis University,Student,carlos.perez40@misamisuniversity.edu.ph,Student123!,Carlos,Perez
Misamis University,Student,valeria.young39@misamisuniversity.edu.ph,Student123!,Valeria,Young
Misamis University,Student,mariana.reddy55@misamisuniversity.edu.ph,Student123!,Mariana,Reddy
Misamis University,Student,abigail.patel6@misamisuniversity.edu.ph,Student123!,Abigail,Patel
Misamis University,Student,susan.thomas62@misamisuniversity.edu.ph,Student123!,Susan,Thomas
Misamis University,Student,addison.li54@misamisuniversity.edu.ph,Student123!,Addison,Li
Misamis University,Student,abigail.nair62@misamisuniversity.edu.ph,Student123!,Abigail,Nair
Misamis University,Student,nancy.jain33@misamisuniversity.edu.ph,Student123!,Nancy,Jain
Misamis University,Student,carter.mendoza74@misamisuniversity.edu.ph,Student123!,Carter,Mendoza
Misamis University,Student,angelica.takahashi39@misamisuniversity.edu.ph,Student123!,Angelica,Takahashi
Misamis University,Student,john.walker70@misamisuniversity.edu.ph,Student123!,John,Walker
Misamis University,Student,samuel.smith90@misamisuniversity.edu.ph,Student123!,Samuel,Smith
Misamis University,Student,lily.domingo11@misamisuniversity.edu.ph,Student123!,Lily,Domingo
Misamis University,Student,linda.tanaka84@misamisuniversity.edu.ph,Student123!,Linda,Tanaka
Misamis University,Student,sakura.domingo35@misamisuniversity.edu.ph,Student123!,Sakura,Domingo
Misamis University,Student,diego.navarro85@misamisuniversity.edu.ph,Student123!,Diego,Navarro
Misamis University,Student,jerome.wright60@misamisuniversity.edu.ph,Student123!,Jerome,Wright
Misamis University,Student,ali.gonzalez58@misamisuniversity.edu.ph,Student123!,Ali,Gonzalez
Misamis University,Student,susan.jain93@misamisuniversity.edu.ph,Student123!,Susan,Jain
Misamis University,Student,sebastian.alcantara95@misamisuniversity.edu.ph,Student123!,Sebastian,Alcantara
Misamis University,Student,nancy.johnson65@misamisuniversity.edu.ph,Student123!,Nancy,Johnson
Misamis University,Student,joshua.walker51@misamisuniversity.edu.ph,Student123!,Joshua,Walker
Misamis University,Student,mia.miller43@misamisuniversity.edu.ph,Student123!,Mia,Miller
Misamis University,Student,sandra.moore35@misamisuniversity.edu.ph,Student123!,Sandra,Moore
Misamis University,Student,grace.wang59@misamisuniversity.edu.ph,Student123!,Grace,Wang
Misamis University,Student,elijah.garcia64@misamisuniversity.edu.ph,Student123!,Elijah,Garcia
Misamis University,Student,hiroshi.taylor45@misamisuniversity.edu.ph,Student123!,Hiroshi,Taylor
Misamis University,Student,david.thomas17@misamisuniversity.edu.ph,Student123!,David,Thomas
Misamis University,Student,aoi.martin1@misamisuniversity.edu.ph,Student123!,Aoi,Martin
Misamis University,Student,omar.rivera21@misamisuniversity.edu.ph,Student123!,Omar,Rivera
Misamis University,Student,liam.alcantara42@misamisuniversity.edu.ph,Student123!,Liam,Alcantara
Misamis University,Student,mia.ramirez57@misamisuniversity.edu.ph,Student123!,Mia,Ramirez
Misamis University,Student,dylan.perez60@misamisuniversity.edu.ph,Student123!,Dylan,Perez
Misamis University,Student,valentina.nakamura40@misamisuniversity.edu.ph,Student123!,Valentina,Nakamura
Misamis University,Student,gabriel.nair75@misamisuniversity.edu.ph,Student123!,Gabriel,Nair
Misamis University,Student,logan.taylor67@misamisuniversity.edu.ph,Student123!,Logan,Taylor
Misamis University,Student,yuki.rodriguez74@misamisuniversity.edu.ph,Student123!,Yuki,Rodriguez
Misamis University,Student,miguel.zhao60@misamisuniversity.edu.ph,Student123!,Miguel,Zhao
Misamis University,Student,nathaniel.huang82@misamisuniversity.edu.ph,Student123!,Nathaniel,Huang
Misamis University,Student,aubrey.gomez60@misamisuniversity.edu.ph,Student123!,Aubrey,Gomez
Misamis University,Student,susan.salazar15@misamisuniversity.edu.ph,Student123!,Susan,Salazar
Misamis University,Student,omar.li67@misamisuniversity.edu.ph,Student123!,Omar,Li
Misamis University,Student,diya.lee7@misamisuniversity.edu.ph,Student123!,Diya,Lee
Misamis University,Student,marianne.alcantara17@misamisuniversity.edu.ph,Student123!,Marianne,Alcantara
Misamis University,Student,jayden.ali93@misamisuniversity.edu.ph,Student123!,Jayden,Ali
Misamis University,Student,john.guzman46@misamisuniversity.edu.ph,Student123!,John,Guzman
Misamis University,Student,sebastian.ali22@misamisuniversity.edu.ph,Student123!,Sebastian,Ali
Misamis University,Student,yuki.sharma17@misamisuniversity.edu.ph,Student123!,Yuki,Sharma
Misamis University,Student,dylan.martin77@misamisuniversity.edu.ph,Student123!,Dylan,Martin
Misamis University,Student,dylan.zhao35@misamisuniversity.edu.ph,Student123!,Dylan,Zhao
Misamis University,Student,czarina.gonzalez60@misamisuniversity.edu.ph,Student123!,Czarina,Gonzalez
Misamis University,Student,jasmine.wang24@misamisuniversity.edu.ph,Student123!,Jasmine,Wang
Misamis University,Student,isabella.rodriguez43@misamisuniversity.edu.ph,Student123!,Isabella,Rodriguez
Misamis University,Student,nathaniel.johnson17@misamisuniversity.edu.ph,Student123!,Nathaniel,Johnson
Misamis University,Student,betty.santos95@misamisuniversity.edu.ph,Student123!,Betty,Santos
Misamis University,Student,vihaan.reyes82@misamisuniversity.edu.ph,Student123!,Vihaan,Reyes
Misamis University,Student,hannah.ali89@misamisuniversity.edu.ph,Student123!,Hannah,Ali
Misamis University,Student,vihaan.hernandez77@misamisuniversity.edu.ph,Student123!,Vihaan,Hernandez
Misamis University,Student,susan.villanueva95@misamisuniversity.edu.ph,Student123!,Susan,Villanueva
Misamis University,Student,amina.sharma2@misamisuniversity.edu.ph,Student123!,Amina,Sharma
Misamis University,Student,linda.salazar91@misamisuniversity.edu.ph,Student123!,Linda,Salazar
Misamis University,Student,amelia.hill9@misamisuniversity.edu.ph,Student123!,Amelia,Hill
Misamis University,Student,valentina.jackson32@misamisuniversity.edu.ph,Student123!,Valentina,Jackson
Misamis University,Student,mateo.suzuki37@misamisuniversity.edu.ph,Student123!,Mateo,Suzuki
Misamis University,Student,mary.singh19@misamisuniversity.edu.ph,Student123!,Mary,Singh
Misamis University,Student,harper.mendoza74@misamisuniversity.edu.ph,Student123!,Harper,Mendoza
Misamis University,Student,isabella.robinson76@misamisuniversity.edu.ph,Student123!,Isabella,Robinson
Misamis University,Student,camila.ramirez76@misamisuniversity.edu.ph,Student123!,Camila,Ramirez
Misamis University,Student,jessica.pascual29@misamisuniversity.edu.ph,Student123!,Jessica,Pascual
Misamis University,Student,nancy.young66@misamisuniversity.edu.ph,Student123!,Nancy,Young
Misamis University,Student,alejandro.williams44@misamisuniversity.edu.ph,Student123!,Alejandro,Williams
Misamis University,Student,richard.white13@misamisuniversity.edu.ph,Student123!,Richard,White
Misamis University,Student,sofia.zhao3@misamisuniversity.edu.ph,Student123!,Sofia,Zhao
Misamis University,Student,karen.li8@misamisuniversity.edu.ph,Student123!,Karen,Li
Misamis University,Student,david.bautista17@misamisuniversity.edu.ph,Student123!,David,Bautista
Misamis University,Student,valeria.gonzalez47@misamisuniversity.edu.ph,Student123!,Valeria,Gonzalez
Misamis University,Student,evelyn.ramos35@misamisuniversity.edu.ph,Student123!,Evelyn,Ramos
Misamis University,Student,juan.martin88@misamisuniversity.edu.ph,Student123!,Juan,Martin
Misamis University,Student,rhea.gomez11@misamisuniversity.edu.ph,Student123!,Rhea,Gomez
Misamis University,Student,lucas.rao17@misamisuniversity.edu.ph,Student123!,Lucas,Rao
Misamis University,Student,chloe.reddy99@misamisuniversity.edu.ph,Student123!,Chloe,Reddy
Misamis University,Student,julian.lopez94@misamisuniversity.edu.ph,Student123!,Julian,Lopez
Misamis University,Student,noah.li89@misamisuniversity.edu.ph,Student123!,Noah,Li
Misamis University,Student,katrina.zhao61@misamisuniversity.edu.ph,Student123!,Katrina,Zhao
Misamis University,Student,yuki.ramos64@misamisuniversity.edu.ph,Student123!,Yuki,Ramos
Misamis University,Student,amelia.reddy81@misamisuniversity.edu.ph,Student123!,Amelia,Reddy
Misamis University,Student,diego.das16@misamisuniversity.edu.ph,Student123!,Diego,Das
Misamis University,Student,kavya.martinez69@misamisuniversity.edu.ph,Student123!,Kavya,Martinez
Misamis University,Student,adrian.li17@misamisuniversity.edu.ph,Student123!,Adrian,Li
Misamis University,Student,jackson.villanueva38@misamisuniversity.edu.ph,Student123!,Jackson,Villanueva
Misamis University,Student,camila.salazar65@misamisuniversity.edu.ph,Student123!,Camila,Salazar
Misamis University,Student,dylan.cruz40@misamisuniversity.edu.ph,Student123!,Dylan,Dela Cruz
Misamis University,Student,yuki.hassan65@misamisuniversity.edu.ph,Student123!,Yuki,Hassan
Misamis University,Student,anthony.garcia98@misamisuniversity.edu.ph,Student123!,Anthony,Garcia
Misamis University,Student,kavya.miller20@misamisuniversity.edu.ph,Student123!,Kavya,Miller
Misamis University,Student,evelyn.guzman85@misamisuniversity.edu.ph,Student123!,Evelyn,Guzman
Misamis University,Student,jasmine.young53@misamisuniversity.edu.ph,Student123!,Jasmine,Young
Misamis University,Student,aoi.alcantara68@misamisuniversity.edu.ph,Student123!,Aoi,Alcantara
Misamis University,Student,katrina.ali81@misamisuniversity.edu.ph,Student123!,Katrina,Ali
Misamis University,Student,mariana.singh98@misamisuniversity.edu.ph,Student123!,Mariana,Singh
Misamis University,Student,sebastian.thompson20@misamisuniversity.edu.ph,Student123!,Sebastian,Thompson
Misamis University,Student,aisha.smith71@misamisuniversity.edu.ph,Student123!,Aisha,Smith
Misamis University,Student,aiden.martin46@misamisuniversity.edu.ph,Student123!,Aiden,Martin
Misamis University,Student,robert.velasco93@misamisuniversity.edu.ph,Student123!,Robert,Velasco
Misamis University,Student,richard.gupta67@misamisuniversity.edu.ph,Student123!,Richard,Gupta
Misamis University,Student,anthony.yamamoto37@misamisuniversity.edu.ph,Student123!,Anthony,Yamamoto
Misamis University,Student,ava.velasco62@misamisuniversity.edu.ph,Student123!,Ava,Velasco
Misamis University,Student,jasmine.villanueva93@misamisuniversity.edu.ph,Student123!,Jasmine,Villanueva
Misamis University,Student,lucas.rodriguez63@misamisuniversity.edu.ph,Student123!,Lucas,Rodriguez
Misamis University,Student,mia.hill45@misamisuniversity.edu.ph,Student123!,Mia,Hill
Misamis University,Student,aisha.singh32@misamisuniversity.edu.ph,Student123!,Aisha,Singh
Misamis University,Student,angelica.castillo76@misamisuniversity.edu.ph,Student123!,Angelica,Castillo
Misamis University,Student,sakura.jones45@misamisuniversity.edu.ph,Student123!,Sakura,Jones
Misamis University,Student,tariq.verma61@misamisuniversity.edu.ph,Student123!,Tariq,Verma
Misamis University,Student,aarav.walker13@misamisuniversity.edu.ph,Student123!,Aarav,Walker
Misamis University,Student,yuki.cortez54@misamisuniversity.edu.ph,Student123!,Yuki,Cortez
Misamis University,Student,luis.aguilar2@misamisuniversity.edu.ph,Student123!,Luis,Aguilar
Misamis University,Student,mateo.takahashi38@misamisuniversity.edu.ph,Student123!,Mateo,Takahashi
Misamis University,Student,michael.suzuki38@misamisuniversity.edu.ph,Student123!,Michael,Suzuki
Misamis University,Student,grace.yang76@misamisuniversity.edu.ph,Student123!,Grace,Yang
Misamis University,Student,carter.ramos31@misamisuniversity.edu.ph,Student123!,Carter,Ramos
Misamis University,Student,jennifer.reyes2@misamisuniversity.edu.ph,Student123!,Jennifer,Reyes
Misamis University,Student,alejandro.navarro8@misamisuniversity.edu.ph,Student123!,Alejandro,Navarro
Misamis University,Student,jayden.hernandez21@misamisuniversity.edu.ph,Student123!,Jayden,Hernandez
Misamis University,Student,addison.lewis92@misamisuniversity.edu.ph,Student123!,Addison,Lewis
Misamis University,Student,harper.ferrer53@misamisuniversity.edu.ph,Student123!,Harper,Ferrer
Misamis University,Student,ava.huang64@misamisuniversity.edu.ph,Student123!,Ava,Huang
Misamis University,Student,matthew.bautista21@misamisuniversity.edu.ph,Student123!,Matthew,Bautista
Misamis University,Student,elizabeth.cruz52@misamisuniversity.edu.ph,Student123!,Elizabeth,Dela Cruz
Misamis University,Student,susan.taylor37@misamisuniversity.edu.ph,Student123!,Susan,Taylor
Misamis University,Student,mason.yang14@misamisuniversity.edu.ph,Student123!,Mason,Yang
Misamis University,Student,christopher.suzuki95@misamisuniversity.edu.ph,Student123!,Christopher,Suzuki
Misamis University,Student,anthony.bautista2@misamisuniversity.edu.ph,Student123!,Anthony,Bautista
Misamis University,Student,ava.singh15@misamisuniversity.edu.ph,Student123!,Ava,Singh
Misamis University,Student,jayden.taylor38@misamisuniversity.edu.ph,Student123!,Jayden,Taylor
Misamis University,Student,stella.bermudez49@misamisuniversity.edu.ph,Student123!,Stella,Bermudez
Misamis University,Student,christopher.bautista79@misamisuniversity.edu.ph,Student123!,Christopher,Bautista
Misamis University,Student,valentina.hill34@misamisuniversity.edu.ph,Student123!,Valentina,Hill
Misamis University,Student,carlos.alcantara25@misamisuniversity.edu.ph,Student123!,Carlos,Alcantara
Misamis University,Student,jerome.velasco39@misamisuniversity.edu.ph,Student123!,Jerome,Velasco
Misamis University,Student,margaret.martinez15@misamisuniversity.edu.ph,Student123!,Margaret,Martinez
Misamis University,Student,mei.martin81@misamisuniversity.edu.ph,Student123!,Mei,Martin
Misamis University,Student,angelica.king86@misamisuniversity.edu.ph,Student123!,Angelica,King
Misamis University,Student,james.park12@misamisuniversity.edu.ph,Student123!,James,Park
Misamis University,Student,diya.wilson79@misamisuniversity.edu.ph,Student123!,Diya,Wilson
Misamis University,Student,kavya.chen19@misamisuniversity.edu.ph,Student123!,Kavya,Chen
Misamis University,Student,ava.cortez28@misamisuniversity.edu.ph,Student123!,Ava,Cortez
Misamis University,Student,david.lewis26@misamisuniversity.edu.ph,Student123!,David,Lewis
Misamis University,Student,mark.cortez44@misamisuniversity.edu.ph,Student123!,Mark,Cortez
Misamis University,Student,barbara.cruz86@misamisuniversity.edu.ph,Student123!,Barbara,Cruz
Misamis University,Student,isabella.cruz54@misamisuniversity.edu.ph,Student123!,Isabella,Dela Cruz
Misamis University,Student,aarav.miller50@misamisuniversity.edu.ph,Student123!,Aarav,Miller
Misamis University,Student,sofia.suzuki68@misamisuniversity.edu.ph,Student123!,Sofia,Suzuki
Misamis University,Student,robert.sanchez46@misamisuniversity.edu.ph,Student123!,Robert,Sanchez
Misamis University,Student,camila.soriano20@misamisuniversity.edu.ph,Student123!,Camila,Soriano
Misamis University,Student,leah.soriano7@misamisuniversity.edu.ph,Student123!,Leah,Soriano
Misamis University,Student,michael.lewis58@misamisuniversity.edu.ph,Student123!,Michael,Lewis
Misamis University,Student,addison.castillo68@misamisuniversity.edu.ph,Student123!,Addison,Castillo
Misamis University,Student,luke.robinson91@misamisuniversity.edu.ph,Student123!,Luke,Robinson
San Beda University,Student,christian.allen20@sanbedauniversity.edu.ph,Student123!,Christian,Allen
San Beda University,Student,valeria.nguyen17@sanbedauniversity.edu.ph,Student123!,Valeria,Nguyen
San Beda University,Student,enrico.martinez97@sanbedauniversity.edu.ph,Student123!,Enrico,Martinez
San Beda University,Student,linda.rizal56@sanbedauniversity.edu.ph,Student123!,Linda,Rizal
San Beda University,Student,betty.chen28@sanbedauniversity.edu.ph,Student123!,Betty,Chen
San Beda University,Student,mia.gonzalez30@sanbedauniversity.edu.ph,Student123!,Mia,Gonzalez
San Beda University,Student,mary.takahashi64@sanbedauniversity.edu.ph,Student123!,Mary,Takahashi
San Beda University,Student,mei.ali80@sanbedauniversity.edu.ph,Student123!,Mei,Ali
San Beda University,Student,fatima.thomas48@sanbedauniversity.edu.ph,Student123!,Fatima,Thomas
San Beda University,Student,zainab.martin10@sanbedauniversity.edu.ph,Student123!,Zainab,Martin
San Beda University,Student,jasmine.miranda94@sanbedauniversity.edu.ph,Student123!,Jasmine,Miranda
San Beda University,Student,jayden.ferrer27@sanbedauniversity.edu.ph,Student123!,Jayden,Ferrer
San Beda University,Student,karen.bautista11@sanbedauniversity.edu.ph,Student123!,Karen,Bautista
San Beda University,Student,aisha.williams20@sanbedauniversity.edu.ph,Student123!,Aisha,Williams
San Beda University,Student,leah.suzuki16@sanbedauniversity.edu.ph,Student123!,Leah,Suzuki
San Beda University,Student,juan.walker83@sanbedauniversity.edu.ph,Student123!,Juan,Walker
San Beda University,Student,jessica.molina48@sanbedauniversity.edu.ph,Student123!,Jessica,Molina
San Beda University,Student,elijah.molina58@sanbedauniversity.edu.ph,Student123!,Elijah,Molina
San Beda University,Student,grace.jones64@sanbedauniversity.edu.ph,Student123!,Grace,Jones
San Beda University,Student,jessica.scott35@sanbedauniversity.edu.ph,Student123!,Jessica,Scott
San Beda University,Student,zoe.rizal82@sanbedauniversity.edu.ph,Student123!,Zoe,Rizal
San Beda University,Student,chloe.wright75@sanbedauniversity.edu.ph,Student123!,Chloe,Wright
San Beda University,Student,michael.jackson48@sanbedauniversity.edu.ph,Student123!,Michael,Jackson
San Beda University,Student,aarav.martin75@sanbedauniversity.edu.ph,Student123!,Aarav,Martin
San Beda University,Student,daniel.hill74@sanbedauniversity.edu.ph,Student123!,Daniel,Hill
San Beda University,Student,aisha.singh78@sanbedauniversity.edu.ph,Student123!,Aisha,Singh
San Beda University,Student,adrian.trinidad66@sanbedauniversity.edu.ph,Student123!,Adrian,Trinidad
San Beda University,Student,kenji.navarro35@sanbedauniversity.edu.ph,Student123!,Kenji,Navarro
San Beda University,Student,diya.wright44@sanbedauniversity.edu.ph,Student123!,Diya,Wright
San Beda University,Student,miguel.ali25@sanbedauniversity.edu.ph,Student123!,Miguel,Ali
San Beda University,Student,czarina.ali45@sanbedauniversity.edu.ph,Student123!,Czarina,Ali
San Beda University,Student,joseph.castro46@sanbedauniversity.edu.ph,Student123!,Joseph,Castro
San Beda University,Student,ava.nair38@sanbedauniversity.edu.ph,Student123!,Ava,Nair
San Beda University,Student,logan.kim75@sanbedauniversity.edu.ph,Student123!,Logan,Kim
San Beda University,Student,samuel.thomas50@sanbedauniversity.edu.ph,Student123!,Samuel,Thomas
San Beda University,Student,carlos.johnson82@sanbedauniversity.edu.ph,Student123!,Carlos,Johnson
San Beda University,Student,john.chen46@sanbedauniversity.edu.ph,Student123!,John,Chen
San Beda University,Student,christian.zhao47@sanbedauniversity.edu.ph,Student123!,Christian,Zhao
San Beda University,Student,luis.ramirez69@sanbedauniversity.edu.ph,Student123!,Luis,Ramirez
San Beda University,Student,evelyn.suzuki51@sanbedauniversity.edu.ph,Student123!,Evelyn,Suzuki
San Beda University,Student,owen.torres41@sanbedauniversity.edu.ph,Student123!,Owen,Torres
San Beda University,Student,aria.taylor56@sanbedauniversity.edu.ph,Student123!,Aria,Taylor
San Beda University,Student,stella.jones61@sanbedauniversity.edu.ph,Student123!,Stella,Jones
San Beda University,Student,margaret.hassan90@sanbedauniversity.edu.ph,Student123!,Margaret,Hassan
San Beda University,Student,ethan.scott33@sanbedauniversity.edu.ph,Student123!,Ethan,Scott
San Beda University,Student,valentina.smith59@sanbedauniversity.edu.ph,Student123!,Valentina,Smith
San Beda University,Student,liam.gomez27@sanbedauniversity.edu.ph,Student123!,Liam,Gomez
San Beda University,Student,enrico.robinson93@sanbedauniversity.edu.ph,Student123!,Enrico,Robinson
San Beda University,Student,mei.torres90@sanbedauniversity.edu.ph,Student123!,Mei,Torres
San Beda University,Student,grace.castro33@sanbedauniversity.edu.ph,Student123!,Grace,Castro
San Beda University,Student,emma.thomas16@sanbedauniversity.edu.ph,Student123!,Emma,Thomas
San Beda University,Student,jerome.martin22@sanbedauniversity.edu.ph,Student123!,Jerome,Martin
San Beda University,Student,david.ocampo67@sanbedauniversity.edu.ph,Student123!,David,Ocampo
San Beda University,Student,samuel.soriano37@sanbedauniversity.edu.ph,Student123!,Samuel,Soriano
San Beda University,Student,william.kim3@sanbedauniversity.edu.ph,Student123!,William,Kim
San Beda University,Student,aria.ali23@sanbedauniversity.edu.ph,Student123!,Aria,Ali
San Beda University,Student,olivia.robinson11@sanbedauniversity.edu.ph,Student123!,Olivia,Robinson
San Beda University,Student,luis.ferrer57@sanbedauniversity.edu.ph,Student123!,Luis,Ferrer
San Beda University,Student,ella.martinez17@sanbedauniversity.edu.ph,Student123!,Ella,Martinez
San Beda University,Student,natalie.aquino14@sanbedauniversity.edu.ph,Student123!,Natalie,Aquino
San Beda University,Student,julian.wright72@sanbedauniversity.edu.ph,Student123!,Julian,Wright
San Beda University,Student,sophia.nakamura77@sanbedauniversity.edu.ph,Student123!,Sophia,Nakamura
San Beda University,Student,sandra.kim69@sanbedauniversity.edu.ph,Student123!,Sandra,Kim
San Beda University,Student,stella.alcantara61@sanbedauniversity.edu.ph,Student123!,Stella,Alcantara
San Beda University,Student,luis.santos24@sanbedauniversity.edu.ph,Student123!,Luis,Santos
San Beda University,Student,jasmine.watanabe26@sanbedauniversity.edu.ph,Student123!,Jasmine,Watanabe
San Beda University,Student,harper.martinez55@sanbedauniversity.edu.ph,Student123!,Harper,Martinez
San Beda University,Student,akira.jackson35@sanbedauniversity.edu.ph,Student123!,Akira,Jackson
San Beda University,Student,harper.young58@sanbedauniversity.edu.ph,Student123!,Harper,Young
San Beda University,Student,juan.watanabe90@sanbedauniversity.edu.ph,Student123!,Juan,Watanabe
San Beda University,Student,christopher.ramirez20@sanbedauniversity.edu.ph,Student123!,Christopher,Ramirez
San Beda University,Student,carter.huang17@sanbedauniversity.edu.ph,Student123!,Carter,Huang
San Beda University,Student,aiden.bautista34@sanbedauniversity.edu.ph,Student123!,Aiden,Bautista
San Beda University,Student,william.johnson88@sanbedauniversity.edu.ph,Student123!,William,Johnson
San Beda University,Student,julian.nakamura59@sanbedauniversity.edu.ph,Student123!,Julian,Nakamura
San Beda University,Student,thomas.watanabe54@sanbedauniversity.edu.ph,Student123!,Thomas,Watanabe
San Beda University,Student,akira.ocampo75@sanbedauniversity.edu.ph,Student123!,Akira,Ocampo
San Beda University,Student,owen.alcantara50@sanbedauniversity.edu.ph,Student123!,Owen,Alcantara
San Beda University,Student,jerome.sharma64@sanbedauniversity.edu.ph,Student123!,Jerome,Sharma
San Beda University,Student,hinata.ferrer69@sanbedauniversity.edu.ph,Student123!,Hinata,Ferrer
San Beda University,Student,sai.williams94@sanbedauniversity.edu.ph,Student123!,Sai,Williams
San Beda University,Student,rhea.nakamura2@sanbedauniversity.edu.ph,Student123!,Rhea,Nakamura
San Beda University,Student,olivia.taylor11@sanbedauniversity.edu.ph,Student123!,Olivia,Taylor
San Beda University,Student,aarav.tanaka91@sanbedauniversity.edu.ph,Student123!,Aarav,Tanaka
San Beda University,Student,ali.patel33@sanbedauniversity.edu.ph,Student123!,Ali,Patel
San Beda University,Student,yuki.harris23@sanbedauniversity.edu.ph,Student123!,Yuki,Harris
San Beda University,Student,robert.mendoza60@sanbedauniversity.edu.ph,Student123!,Robert,Mendoza
San Beda University,Student,grace.cortez2@sanbedauniversity.edu.ph,Student123!,Grace,Cortez
San Beda University,Student,mateo.rivera17@sanbedauniversity.edu.ph,Student123!,Mateo,Rivera
San Beda University,Student,margaret.hill85@sanbedauniversity.edu.ph,Student123!,Margaret,Hill
San Beda University,Student,sofia.thompson87@sanbedauniversity.edu.ph,Student123!,Sofia,Thompson
San Beda University,Student,hussain.thomas60@sanbedauniversity.edu.ph,Student123!,Hussain,Thomas
San Beda University,Student,luke.lee38@sanbedauniversity.edu.ph,Student123!,Luke,Lee
San Beda University,Student,luke.gupta29@sanbedauniversity.edu.ph,Student123!,Luke,Gupta
San Beda University,Student,sandra.castillo14@sanbedauniversity.edu.ph,Student123!,Sandra,Castillo
San Beda University,Student,john.domingo74@sanbedauniversity.edu.ph,Student123!,John,Domingo
San Beda University,Student,mariana.park20@sanbedauniversity.edu.ph,Student123!,Mariana,Park
San Beda University,Student,zoe.jones31@sanbedauniversity.edu.ph,Student123!,Zoe,Jones
San Beda University,Student,evelyn.williams40@sanbedauniversity.edu.ph,Student123!,Evelyn,Williams
San Beda University,Student,diego.jackson72@sanbedauniversity.edu.ph,Student123!,Diego,Jackson
San Beda University,Student,elijah.garcia25@sanbedauniversity.edu.ph,Student123!,Elijah,Garcia
San Beda University,Student,william.ito18@sanbedauniversity.edu.ph,Student123!,William,Ito
San Beda University,Student,vihaan.hill92@sanbedauniversity.edu.ph,Student123!,Vihaan,Hill
San Beda University,Student,margaret.garcia13@sanbedauniversity.edu.ph,Student123!,Margaret,Garcia
San Beda University,Student,camila.suzuki36@sanbedauniversity.edu.ph,Student123!,Camila,Suzuki
San Beda University,Student,ava.allen49@sanbedauniversity.edu.ph,Student123!,Ava,Allen
San Beda University,Student,lucas.wilson24@sanbedauniversity.edu.ph,Student123!,Lucas,Wilson
San Beda University,Student,mark.lewis22@sanbedauniversity.edu.ph,Student123!,Mark,Lewis
San Beda University,Student,joseph.martinez25@sanbedauniversity.edu.ph,Student123!,Joseph,Martinez
San Beda University,Student,betty.ferrer18@sanbedauniversity.edu.ph,Student123!,Betty,Ferrer
San Beda University,Student,marianne.castro24@sanbedauniversity.edu.ph,Student123!,Marianne,Castro
San Beda University,Student,camila.jones80@sanbedauniversity.edu.ph,Student123!,Camila,Jones
San Beda University,Student,kavya.lopez11@sanbedauniversity.edu.ph,Student123!,Kavya,Lopez
San Beda University,Student,margaret.tanaka1@sanbedauniversity.edu.ph,Student123!,Margaret,Tanaka
San Beda University,Student,grace.yamamoto23@sanbedauniversity.edu.ph,Student123!,Grace,Yamamoto
San Beda University,Student,vihaan.nguyen82@sanbedauniversity.edu.ph,Student123!,Vihaan,Nguyen
San Beda University,Student,hinata.sato89@sanbedauniversity.edu.ph,Student123!,Hinata,Sato
San Beda University,Student,jasmine.salazar12@sanbedauniversity.edu.ph,Student123!,Jasmine,Salazar
San Beda University,Student,miguel.williams14@sanbedauniversity.edu.ph,Student123!,Miguel,Williams
San Beda University,Student,vihaan.clark89@sanbedauniversity.edu.ph,Student123!,Vihaan,Clark
San Beda University,Student,christopher.takahashi39@sanbedauniversity.edu.ph,Student123!,Christopher,Takahashi
San Beda University,Student,sai.brown45@sanbedauniversity.edu.ph,Student123!,Sai,Brown
San Beda University,Student,natalie.castillo79@sanbedauniversity.edu.ph,Student123!,Natalie,Castillo
San Beda University,Student,aubrey.thompson56@sanbedauniversity.edu.ph,Student123!,Aubrey,Thompson
San Beda University,Student,natalie.ito27@sanbedauniversity.edu.ph,Student123!,Natalie,Ito
San Beda University,Student,patricia.kim17@sanbedauniversity.edu.ph,Student123!,Patricia,Kim
San Beda University,Student,mason.rizal60@sanbedauniversity.edu.ph,Student123!,Mason,Rizal
San Beda University,Student,nathaniel.zhao10@sanbedauniversity.edu.ph,Student123!,Nathaniel,Zhao
San Beda University,Student,sai.nair35@sanbedauniversity.edu.ph,Student123!,Sai,Nair
San Beda University,Student,sandra.williams58@sanbedauniversity.edu.ph,Student123!,Sandra,Williams
San Beda University,Student,vihaan.sanchez22@sanbedauniversity.edu.ph,Student123!,Vihaan,Sanchez
San Beda University,Student,aditya.garcia3@sanbedauniversity.edu.ph,Student123!,Aditya,Garcia
San Beda University,Student,enrico.aguilar71@sanbedauniversity.edu.ph,Student123!,Enrico,Aguilar
San Beda University,Student,isaac.white89@sanbedauniversity.edu.ph,Student123!,Isaac,White
San Beda University,Student,luis.garcia97@sanbedauniversity.edu.ph,Student123!,Luis,Garcia
San Beda University,Student,enrico.park85@sanbedauniversity.edu.ph,Student123!,Enrico,Park
San Beda University,Student,akira.davis56@sanbedauniversity.edu.ph,Student123!,Akira,Davis
San Beda University,Student,susan.gomez67@sanbedauniversity.edu.ph,Student123!,Susan,Gomez
San Beda University,Student,ava.johnson83@sanbedauniversity.edu.ph,Student123!,Ava,Johnson
San Beda University,Student,aoi.ocampo5@sanbedauniversity.edu.ph,Student123!,Aoi,Ocampo
San Beda University,Student,valentina.bermudez13@sanbedauniversity.edu.ph,Student123!,Valentina,Bermudez
San Beda University,Student,jayden.thomas66@sanbedauniversity.edu.ph,Student123!,Jayden,Thomas
San Beda University,Student,aisha.young46@sanbedauniversity.edu.ph,Student123!,Aisha,Young
San Beda University,Student,abigail.hill79@sanbedauniversity.edu.ph,Student123!,Abigail,Hill
San Beda University,Student,sophia.guzman84@sanbedauniversity.edu.ph,Student123!,Sophia,Guzman
San Beda University,Student,mary.miller65@sanbedauniversity.edu.ph,Student123!,Mary,Miller
San Beda University,Student,david.yamamoto44@sanbedauniversity.edu.ph,Student123!,David,Yamamoto
San Beda University,Student,karen.king46@sanbedauniversity.edu.ph,Student123!,Karen,King
San Beda University,Student,amina.bermudez75@sanbedauniversity.edu.ph,Student123!,Amina,Bermudez
San Beda University,Student,mei.young45@sanbedauniversity.edu.ph,Student123!,Mei,Young
San Beda University,Student,nathaniel.nguyen86@sanbedauniversity.edu.ph,Student123!,Nathaniel,Nguyen
San Beda University,Student,enrico.wang18@sanbedauniversity.edu.ph,Student123!,Enrico,Wang
San Beda University,Student,julian.kim35@sanbedauniversity.edu.ph,Student123!,Julian,Kim
San Beda University,Student,sarah.huang13@sanbedauniversity.edu.ph,Student123!,Sarah,Huang
San Beda University,Student,marianne.padilla17@sanbedauniversity.edu.ph,Student123!,Marianne,Padilla
San Beda University,Student,linda.trinidad86@sanbedauniversity.edu.ph,Student123!,Linda,Trinidad
Meridian Polytechnic College,Student,liam.singh60@meridianpolytechniccollege.edu.ph,Student123!,Liam,Singh
Meridian Polytechnic College,Student,hiroshi.wilson76@meridianpolytechniccollege.edu.ph,Student123!,Hiroshi,Wilson
Meridian Polytechnic College,Student,sakura.hill26@meridianpolytechniccollege.edu.ph,Student123!,Sakura,Hill
Meridian Polytechnic College,Student,patricia.lopez7@meridianpolytechniccollege.edu.ph,Student123!,Patricia,Lopez
Meridian Polytechnic College,Student,kavya.guzman22@meridianpolytechniccollege.edu.ph,Student123!,Kavya,Guzman
Meridian Polytechnic College,Student,sebastian.jones62@meridianpolytechniccollege.edu.ph,Student123!,Sebastian,Jones
Meridian Polytechnic College,Student,lucas.harris83@meridianpolytechniccollege.edu.ph,Student123!,Lucas,Harris
Meridian Polytechnic College,Student,elijah.cruz76@meridianpolytechniccollege.edu.ph,Student123!,Elijah,Dela Cruz
Meridian Polytechnic College,Student,michael.thomas66@meridianpolytechniccollege.edu.ph,Student123!,Michael,Thomas
Meridian Polytechnic College,Student,liam.white90@meridianpolytechniccollege.edu.ph,Student123!,Liam,White
Meridian Polytechnic College,Student,margaret.castro94@meridianpolytechniccollege.edu.ph,Student123!,Margaret,Castro
Meridian Polytechnic College,Student,julian.yang59@meridianpolytechniccollege.edu.ph,Student123!,Julian,Yang
Meridian Polytechnic College,Student,abigail.domingo92@meridianpolytechniccollege.edu.ph,Student123!,Abigail,Domingo
Meridian Polytechnic College,Student,hinata.chen46@meridianpolytechniccollege.edu.ph,Student123!,Hinata,Chen
Meridian Polytechnic College,Student,gabriel.robinson54@meridianpolytechniccollege.edu.ph,Student123!,Gabriel,Robinson
Meridian Polytechnic College,Student,gabriel.salazar81@meridianpolytechniccollege.edu.ph,Student123!,Gabriel,Salazar
Meridian Polytechnic College,Student,valentina.patel45@meridianpolytechniccollege.edu.ph,Student123!,Valentina,Patel
Meridian Polytechnic College,Student,aria.ferrer29@meridianpolytechniccollege.edu.ph,Student123!,Aria,Ferrer
Meridian Polytechnic College,Student,gabriel.cortez21@meridianpolytechniccollege.edu.ph,Student123!,Gabriel,Cortez
Meridian Polytechnic College,Student,kenji.sato80@meridianpolytechniccollege.edu.ph,Student123!,Kenji,Sato
Meridian Polytechnic College,Student,yuki.hassan78@meridianpolytechniccollege.edu.ph,Student123!,Yuki,Hassan
Meridian Polytechnic College,Student,luis.villanueva69@meridianpolytechniccollege.edu.ph,Student123!,Luis,Villanueva
Meridian Polytechnic College,Student,paolo.reddy60@meridianpolytechniccollege.edu.ph,Student123!,Paolo,Reddy
Meridian Polytechnic College,Student,juan.williams6@meridianpolytechniccollege.edu.ph,Student123!,Juan,Williams
Meridian Polytechnic College,Student,omar.king27@meridianpolytechniccollege.edu.ph,Student123!,Omar,King
Meridian Polytechnic College,Student,ella.guzman37@meridianpolytechniccollege.edu.ph,Student123!,Ella,Guzman
Meridian Polytechnic College,Student,sebastian.ferrer62@meridianpolytechniccollege.edu.ph,Student123!,Sebastian,Ferrer
Meridian Polytechnic College,Student,zainab.singh68@meridianpolytechniccollege.edu.ph,Student123!,Zainab,Singh
Meridian Polytechnic College,Student,leah.lopez41@meridianpolytechniccollege.edu.ph,Student123!,Leah,Lopez
Meridian Polytechnic College,Student,margaret.rao89@meridianpolytechniccollege.edu.ph,Student123!,Margaret,Rao
Meridian Polytechnic College,Student,harper.tanaka50@meridianpolytechniccollege.edu.ph,Student123!,Harper,Tanaka
Meridian Polytechnic College,Student,aisha.guzman17@meridianpolytechniccollege.edu.ph,Student123!,Aisha,Guzman
Meridian Polytechnic College,Student,adrian.ramirez1@meridianpolytechniccollege.edu.ph,Student123!,Adrian,Ramirez
Meridian Polytechnic College,Student,william.walker15@meridianpolytechniccollege.edu.ph,Student123!,William,Walker
Meridian Polytechnic College,Student,juan.anderson96@meridianpolytechniccollege.edu.ph,Student123!,Juan,Anderson
Meridian Polytechnic College,Student,sai.trinidad18@meridianpolytechniccollege.edu.ph,Student123!,Sai,Trinidad
Meridian Polytechnic College,Student,aiden.takahashi88@meridianpolytechniccollege.edu.ph,Student123!,Aiden,Takahashi
Meridian Polytechnic College,Student,omar.cruz21@meridianpolytechniccollege.edu.ph,Student123!,Omar,Dela Cruz
Meridian Polytechnic College,Student,hussain.trinidad64@meridianpolytechniccollege.edu.ph,Student123!,Hussain,Trinidad
Meridian Polytechnic College,Student,angelica.molina12@meridianpolytechniccollege.edu.ph,Student123!,Angelica,Molina
Meridian Polytechnic College,Student,jerome.robinson47@meridianpolytechniccollege.edu.ph,Student123!,Jerome,Robinson
Meridian Polytechnic College,Student,hussain.soriano5@meridianpolytechniccollege.edu.ph,Student123!,Hussain,Soriano
Meridian Polytechnic College,Student,grace.miller57@meridianpolytechniccollege.edu.ph,Student123!,Grace,Miller
Meridian Polytechnic College,Student,julian.bautista63@meridianpolytechniccollege.edu.ph,Student123!,Julian,Bautista
Meridian Polytechnic College,Student,anthony.hernandez19@meridianpolytechniccollege.edu.ph,Student123!,Anthony,Hernandez
Meridian Polytechnic College,Student,camille.castro11@meridianpolytechniccollege.edu.ph,Student123!,Camille,Castro
Meridian Polytechnic College,Student,kenji.garcia95@meridianpolytechniccollege.edu.ph,Student123!,Kenji,Garcia
Meridian Polytechnic College,Student,lucas.moore22@meridianpolytechniccollege.edu.ph,Student123!,Lucas,Moore
Meridian Polytechnic College,Student,nancy.zhao81@meridianpolytechniccollege.edu.ph,Student123!,Nancy,Zhao
Meridian Polytechnic College,Student,sarah.tanaka95@meridianpolytechniccollege.edu.ph,Student123!,Sarah,Tanaka
Meridian Polytechnic College,Student,dylan.hernandez1@meridianpolytechniccollege.edu.ph,Student123!,Dylan,Hernandez
Meridian Polytechnic College,Student,patricia.pascual13@meridianpolytechniccollege.edu.ph,Student123!,Patricia,Pascual
Meridian Polytechnic College,Student,paolo.lewis34@meridianpolytechniccollege.edu.ph,Student123!,Paolo,Lewis
Meridian Polytechnic College,Student,jack.castillo74@meridianpolytechniccollege.edu.ph,Student123!,Jack,Castillo
Meridian Polytechnic College,Student,barbara.zhao97@meridianpolytechniccollege.edu.ph,Student123!,Barbara,Zhao
Meridian Polytechnic College,Student,evelyn.lee66@meridianpolytechniccollege.edu.ph,Student123!,Evelyn,Lee
Meridian Polytechnic College,Student,mateo.martin75@meridianpolytechniccollege.edu.ph,Student123!,Mateo,Martin
Meridian Polytechnic College,Student,luke.pascual74@meridianpolytechniccollege.edu.ph,Student123!,Luke,Pascual
Meridian Polytechnic College,Student,sebastian.jain15@meridianpolytechniccollege.edu.ph,Student123!,Sebastian,Jain
Meridian Polytechnic College,Student,katrina.miranda2@meridianpolytechniccollege.edu.ph,Student123!,Katrina,Miranda
Meridian Polytechnic College,Student,fatima.wright86@meridianpolytechniccollege.edu.ph,Student123!,Fatima,Wright
Meridian Polytechnic College,Student,aubrey.chen19@meridianpolytechniccollege.edu.ph,Student123!,Aubrey,Chen
Meridian Polytechnic College,Student,kenji.liu73@meridianpolytechniccollege.edu.ph,Student123!,Kenji,Liu
Meridian Polytechnic College,Student,elijah.mendoza83@meridianpolytechniccollege.edu.ph,Student123!,Elijah,Mendoza
Meridian Polytechnic College,Student,robert.moore39@meridianpolytechniccollege.edu.ph,Student123!,Robert,Moore
Meridian Polytechnic College,Student,jayden.jain22@meridianpolytechniccollege.edu.ph,Student123!,Jayden,Jain
Meridian Polytechnic College,Student,rhea.gupta89@meridianpolytechniccollege.edu.ph,Student123!,Rhea,Gupta
Meridian Polytechnic College,Student,sofia.martin69@meridianpolytechniccollege.edu.ph,Student123!,Sofia,Martin
Meridian Polytechnic College,Student,jessica.maceda25@meridianpolytechniccollege.edu.ph,Student123!,Jessica,Maceda
Meridian Polytechnic College,Student,sebastian.ramos14@meridianpolytechniccollege.edu.ph,Student123!,Sebastian,Ramos
Meridian Polytechnic College,Student,adrian.lewis67@meridianpolytechniccollege.edu.ph,Student123!,Adrian,Lewis
Meridian Polytechnic College,Student,valeria.verma42@meridianpolytechniccollege.edu.ph,Student123!,Valeria,Verma
Meridian Polytechnic College,Student,hannah.suzuki48@meridianpolytechniccollege.edu.ph,Student123!,Hannah,Suzuki
Meridian Polytechnic College,Student,elizabeth.rizal35@meridianpolytechniccollege.edu.ph,Student123!,Elizabeth,Rizal
Meridian Polytechnic College,Student,hassan.kim61@meridianpolytechniccollege.edu.ph,Student123!,Hassan,Kim
Meridian Polytechnic College,Student,robert.zhao74@meridianpolytechniccollege.edu.ph,Student123!,Robert,Zhao
Meridian Polytechnic College,Student,amelia.bermudez38@meridianpolytechniccollege.edu.ph,Student123!,Amelia,Bermudez
Meridian Polytechnic College,Student,sakura.walker11@meridianpolytechniccollege.edu.ph,Student123!,Sakura,Walker
Meridian Polytechnic College,Student,thomas.gomez98@meridianpolytechniccollege.edu.ph,Student123!,Thomas,Gomez
Meridian Polytechnic College,Student,harper.domingo66@meridianpolytechniccollege.edu.ph,Student123!,Harper,Domingo
Meridian Polytechnic College,Student,zoe.martin83@meridianpolytechniccollege.edu.ph,Student123!,Zoe,Martin
Meridian Polytechnic College,Student,mason.chen7@meridianpolytechniccollege.edu.ph,Student123!,Mason,Chen
Meridian Polytechnic College,Student,christopher.bermudez22@meridianpolytechniccollege.edu.ph,Student123!,Christopher,Bermudez
Meridian Polytechnic College,Student,hassan.gupta57@meridianpolytechniccollege.edu.ph,Student123!,Hassan,Gupta
Meridian Polytechnic College,Student,betty.jones86@meridianpolytechniccollege.edu.ph,Student123!,Betty,Jones
Meridian Polytechnic College,Student,fatima.cortez58@meridianpolytechniccollege.edu.ph,Student123!,Fatima,Cortez
Meridian Polytechnic College,Student,christian.young97@meridianpolytechniccollege.edu.ph,Student123!,Christian,Young
Meridian Polytechnic College,Student,matthew.hassan44@meridianpolytechniccollege.edu.ph,Student123!,Matthew,Hassan
Meridian Polytechnic College,Student,carlos.sharma5@meridianpolytechniccollege.edu.ph,Student123!,Carlos,Sharma
Meridian Polytechnic College,Student,betty.davis93@meridianpolytechniccollege.edu.ph,Student123!,Betty,Davis
Meridian Polytechnic College,Student,david.anderson45@meridianpolytechniccollege.edu.ph,Student123!,David,Anderson
Meridian Polytechnic College,Student,susan.wright81@meridianpolytechniccollege.edu.ph,Student123!,Susan,Wright
Meridian Polytechnic College,Student,rhea.miranda2@meridianpolytechniccollege.edu.ph,Student123!,Rhea,Miranda
Meridian Polytechnic College,Student,aditya.davis74@meridianpolytechniccollege.edu.ph,Student123!,Aditya,Davis
Meridian Polytechnic College,Student,ali.reyes97@meridianpolytechniccollege.edu.ph,Student123!,Ali,Reyes
Meridian Polytechnic College,Student,john.ocampo34@meridianpolytechniccollege.edu.ph,Student123!,John,Ocampo
Meridian Polytechnic College,Student,olivia.clark34@meridianpolytechniccollege.edu.ph,Student123!,Olivia,Clark
Meridian Polytechnic College,Student,stella.martin24@meridianpolytechniccollege.edu.ph,Student123!,Stella,Martin
Meridian Polytechnic College,Student,anthony.kim13@meridianpolytechniccollege.edu.ph,Student123!,Anthony,Kim
Meridian Polytechnic College,Student,isabella.brown24@meridianpolytechniccollege.edu.ph,Student123!,Isabella,Brown
Meridian Polytechnic College,Student,yuki.patel89@meridianpolytechniccollege.edu.ph,Student123!,Yuki,Patel
Meridian Polytechnic College,Student,mary.gonzalez99@meridianpolytechniccollege.edu.ph,Student123!,Mary,Gonzalez
Meridian Polytechnic College,Student,marianne.walker8@meridianpolytechniccollege.edu.ph,Student123!,Marianne,Walker
Meridian Polytechnic College,Student,luke.zhao66@meridianpolytechniccollege.edu.ph,Student123!,Luke,Zhao
Meridian Polytechnic College,Student,jessica.jones30@meridianpolytechniccollege.edu.ph,Student123!,Jessica,Jones
Meridian Polytechnic College,Student,logan.thompson4@meridianpolytechniccollege.edu.ph,Student123!,Logan,Thompson
Meridian Polytechnic College,Student,abigail.moore40@meridianpolytechniccollege.edu.ph,Student123!,Abigail,Moore
Meridian Polytechnic College,Student,mei.sanchez55@meridianpolytechniccollege.edu.ph,Student123!,Mei,Sanchez
Meridian Polytechnic College,Student,linda.zhang84@meridianpolytechniccollege.edu.ph,Student123!,Linda,Zhang
Meridian Polytechnic College,Student,addison.guzman44@meridianpolytechniccollege.edu.ph,Student123!,Addison,Guzman
Meridian Polytechnic College,Student,aiden.ocampo56@meridianpolytechniccollege.edu.ph,Student123!,Aiden,Ocampo
Meridian Polytechnic College,Student,mia.perez59@meridianpolytechniccollege.edu.ph,Student123!,Mia,Perez
Meridian Polytechnic College,Student,luis.cruz34@meridianpolytechniccollege.edu.ph,Student123!,Luis,Cruz
Meridian Polytechnic College,Student,lisa.bermudez5@meridianpolytechniccollege.edu.ph,Student123!,Lisa,Bermudez
Meridian Polytechnic College,Student,david.kumar74@meridianpolytechniccollege.edu.ph,Student123!,David,Kumar
Meridian Polytechnic College,Student,stella.martinez38@meridianpolytechniccollege.edu.ph,Student123!,Stella,Martinez
Meridian Polytechnic College,Student,joshua.molina70@meridianpolytechniccollege.edu.ph,Student123!,Joshua,Molina
Meridian Polytechnic College,Student,camila.chen86@meridianpolytechniccollege.edu.ph,Student123!,Camila,Chen
Meridian Polytechnic College,Student,luis.trinidad93@meridianpolytechniccollege.edu.ph,Student123!,Luis,Trinidad
Meridian Polytechnic College,Student,lucas.bautista99@meridianpolytechniccollege.edu.ph,Student123!,Lucas,Bautista
Meridian Polytechnic College,Student,marianne.smith66@meridianpolytechniccollege.edu.ph,Student123!,Marianne,Smith
Meridian Polytechnic College,Student,mason.harris61@meridianpolytechniccollege.edu.ph,Student123!,Mason,Harris
Meridian Polytechnic College,Student,omar.domingo67@meridianpolytechniccollege.edu.ph,Student123!,Omar,Domingo
Meridian Polytechnic College,Student,katrina.gonzalez21@meridianpolytechniccollege.edu.ph,Student123!,Katrina,Gonzalez
Meridian Polytechnic College,Student,matthew.king14@meridianpolytechniccollege.edu.ph,Student123!,Matthew,King
Meridian Polytechnic College,Student,czarina.santos2@meridianpolytechniccollege.edu.ph,Student123!,Czarina,Santos
Meridian Polytechnic College,Student,juan.castillo17@meridianpolytechniccollege.edu.ph,Student123!,Juan,Castillo
Meridian Polytechnic College,Student,kavya.rao41@meridianpolytechniccollege.edu.ph,Student123!,Kavya,Rao
Meridian Polytechnic College,Student,adrian.kumar58@meridianpolytechniccollege.edu.ph,Student123!,Adrian,Kumar
Meridian Polytechnic College,Student,ava.gonzalez25@meridianpolytechniccollege.edu.ph,Student123!,Ava,Gonzalez
Meridian Polytechnic College,Student,david.martinez52@meridianpolytechniccollege.edu.ph,Student123!,David,Martinez
Meridian Polytechnic College,Student,jayden.santos97@meridianpolytechniccollege.edu.ph,Student123!,Jayden,Santos
Meridian Polytechnic College,Student,samuel.castro88@meridianpolytechniccollege.edu.ph,Student123!,Samuel,Castro
Meridian Polytechnic College,Student,anthony.perez54@meridianpolytechniccollege.edu.ph,Student123!,Anthony,Perez
Meridian Polytechnic College,Student,katrina.gupta21@meridianpolytechniccollege.edu.ph,Student123!,Katrina,Gupta
Meridian Polytechnic College,Student,james.davis78@meridianpolytechniccollege.edu.ph,Student123!,James,Davis
Meridian Polytechnic College,Student,diya.wright9@meridianpolytechniccollege.edu.ph,Student123!,Diya,Wright
Meridian Polytechnic College,Student,ava.das55@meridianpolytechniccollege.edu.ph,Student123!,Ava,Das
Meridian Polytechnic College,Student,kavya.perez90@meridianpolytechniccollege.edu.ph,Student123!,Kavya,Perez
Meridian Polytechnic College,Student,elijah.anderson65@meridianpolytechniccollege.edu.ph,Student123!,Elijah,Anderson
Meridian Polytechnic College,Student,mateo.cruz8@meridianpolytechniccollege.edu.ph,Student123!,Mateo,Dela Cruz
Meridian Polytechnic College,Student,amina.brown1@meridianpolytechniccollege.edu.ph,Student123!,Amina,Brown
Meridian Polytechnic College,Student,jayden.soriano50@meridianpolytechniccollege.edu.ph,Student123!,Jayden,Soriano
Meridian Polytechnic College,Student,sanya.scott15@meridianpolytechniccollege.edu.ph,Student123!,Sanya,Scott
Meridian Polytechnic College,Student,czarina.rodriguez95@meridianpolytechniccollege.edu.ph,Student123!,Czarina,Rodriguez
Meridian Polytechnic College,Student,natalie.moore43@meridianpolytechniccollege.edu.ph,Student123!,Natalie,Moore
Meridian Polytechnic College,Student,mary.rivera93@meridianpolytechniccollege.edu.ph,Student123!,Mary,Rivera
Meridian Polytechnic College,Student,sophia.ferrer93@meridianpolytechniccollege.edu.ph,Student123!,Sophia,Ferrer
Meridian Polytechnic College,Student,valeria.ocampo71@meridianpolytechniccollege.edu.ph,Student123!,Valeria,Ocampo
Meridian Polytechnic College,Student,mary.king10@meridianpolytechniccollege.edu.ph,Student123!,Mary,King
Meridian Polytechnic College,Student,david.scott16@meridianpolytechniccollege.edu.ph,Student123!,David,Scott
Meridian Polytechnic College,Student,fatima.aguilar51@meridianpolytechniccollege.edu.ph,Student123!,Fatima,Aguilar
Meridian Polytechnic College,Student,grace.zhang98@meridianpolytechniccollege.edu.ph,Student123!,Grace,Zhang
Meridian Polytechnic College,Student,aisha.castillo30@meridianpolytechniccollege.edu.ph,Student123!,Aisha,Castillo
Meridian Polytechnic College,Student,aiden.pascual10@meridianpolytechniccollege.edu.ph,Student123!,Aiden,Pascual
Meridian Polytechnic College,Student,mariana.villanueva43@meridianpolytechniccollege.edu.ph,Student123!,Mariana,Villanueva
Meridian Polytechnic College,Student,robert.kim26@meridianpolytechniccollege.edu.ph,Student123!,Robert,Kim
Meridian Polytechnic College,Student,stella.zhang97@meridianpolytechniccollege.edu.ph,Student123!,Stella,Zhang
Meridian Polytechnic College,Student,christian.gomez10@meridianpolytechniccollege.edu.ph,Student123!,Christian,Gomez
Meridian Polytechnic College,Student,william.rivera10@meridianpolytechniccollege.edu.ph,Student123!,William,Rivera
Meridian Polytechnic College,Student,lisa.salazar48@meridianpolytechniccollege.edu.ph,Student123!,Lisa,Salazar
Meridian Polytechnic College,Student,amina.aguilar45@meridianpolytechniccollege.edu.ph,Student123!,Amina,Aguilar
Meridian Polytechnic College,Student,valentina.ramos35@meridianpolytechniccollege.edu.ph,Student123!,Valentina,Ramos
Meridian Polytechnic College,Student,betty.hernandez65@meridianpolytechniccollege.edu.ph,Student123!,Betty,Hernandez
Meridian Polytechnic College,Student,aria.taylor88@meridianpolytechniccollege.edu.ph,Student123!,Aria,Taylor
Meridian Polytechnic College,Student,amina.jackson61@meridianpolytechniccollege.edu.ph,Student123!,Amina,Jackson
Meridian Polytechnic College,Student,david.cruz57@meridianpolytechniccollege.edu.ph,Student123!,David,Cruz
Meridian Polytechnic College,Student,zoe.robinson56@meridianpolytechniccollege.edu.ph,Student123!,Zoe,Robinson
Meridian Polytechnic College,Student,aria.anderson17@meridianpolytechniccollege.edu.ph,Student123!,Aria,Anderson
Meridian Polytechnic College,Student,leah.young1@meridianpolytechniccollege.edu.ph,Student123!,Leah,Young
Meridian Polytechnic College,Student,sarah.rivera20@meridianpolytechniccollege.edu.ph,Student123!,Sarah,Rivera
Meridian Polytechnic College,Student,elizabeth.taylor38@meridianpolytechniccollege.edu.ph,Student123!,Elizabeth,Taylor
Meridian Polytechnic College,Student,linda.hassan43@meridianpolytechniccollege.edu.ph,Student123!,Linda,Hassan
Meridian Polytechnic College,Student,aria.moore4@meridianpolytechniccollege.edu.ph,Student123!,Aria,Moore
Meridian Polytechnic College,Student,dylan.pascual10@meridianpolytechniccollege.edu.ph,Student123!,Dylan,Pascual
Meridian Polytechnic College,Student,michael.hernandez37@meridianpolytechniccollege.edu.ph,Student123!,Michael,Hernandez
Meridian Polytechnic College,Student,mia.miller70@meridianpolytechniccollege.edu.ph,Student123!,Mia,Miller
Meridian Polytechnic College,Student,aria.anderson57@meridianpolytechniccollege.edu.ph,Student123!,Aria,Anderson
Meridian Polytechnic College,Student,jayden.cortez46@meridianpolytechniccollege.edu.ph,Student123!,Jayden,Cortez
St. Jude State University,Student,luke.maceda70@stjudestateuniversity.edu.ph,Student123!,Luke,Maceda
St. Jude State University,Student,michael.soriano84@stjudestateuniversity.edu.ph,Student123!,Michael,Soriano
St. Jude State University,Student,fatima.rodriguez19@stjudestateuniversity.edu.ph,Student123!,Fatima,Rodriguez
St. Jude State University,Student,adrian.bermudez13@stjudestateuniversity.edu.ph,Student123!,Adrian,Bermudez
St. Jude State University,Student,susan.thomas67@stjudestateuniversity.edu.ph,Student123!,Susan,Thomas
St. Jude State University,Student,hussain.yang13@stjudestateuniversity.edu.ph,Student123!,Hussain,Yang
St. Jude State University,Student,gabriel.king35@stjudestateuniversity.edu.ph,Student123!,Gabriel,King
St. Jude State University,Student,katrina.lee82@stjudestateuniversity.edu.ph,Student123!,Katrina,Lee
St. Jude State University,Student,joshua.gomez43@stjudestateuniversity.edu.ph,Student123!,Joshua,Gomez
St. Jude State University,Student,john.takahashi69@stjudestateuniversity.edu.ph,Student123!,John,Takahashi
St. Jude State University,Student,sai.salazar27@stjudestateuniversity.edu.ph,Student123!,Sai,Salazar
St. Jude State University,Student,mary.suzuki46@stjudestateuniversity.edu.ph,Student123!,Mary,Suzuki
St. Jude State University,Student,natalie.das54@stjudestateuniversity.edu.ph,Student123!,Natalie,Das
St. Jude State University,Student,aoi.miller96@stjudestateuniversity.edu.ph,Student123!,Aoi,Miller
St. Jude State University,Student,lucas.garcia65@stjudestateuniversity.edu.ph,Student123!,Lucas,Garcia
St. Jude State University,Student,jackson.brown70@stjudestateuniversity.edu.ph,Student123!,Jackson,Brown
St. Jude State University,Student,richard.cruz57@stjudestateuniversity.edu.ph,Student123!,Richard,Cruz
St. Jude State University,Student,julian.aquino17@stjudestateuniversity.edu.ph,Student123!,Julian,Aquino
St. Jude State University,Student,christian.castro75@stjudestateuniversity.edu.ph,Student123!,Christian,Castro
St. Jude State University,Student,aarav.liu47@stjudestateuniversity.edu.ph,Student123!,Aarav,Liu
St. Jude State University,Student,david.williams64@stjudestateuniversity.edu.ph,Student123!,David,Williams
St. Jude State University,Student,daniel.zhao52@stjudestateuniversity.edu.ph,Student123!,Daniel,Zhao
St. Jude State University,Student,lisa.hernandez65@stjudestateuniversity.edu.ph,Student123!,Lisa,Hernandez
St. Jude State University,Student,nancy.taylor17@stjudestateuniversity.edu.ph,Student123!,Nancy,Taylor
St. Jude State University,Student,abigail.hernandez55@stjudestateuniversity.edu.ph,Student123!,Abigail,Hernandez
St. Jude State University,Student,hiroshi.jackson70@stjudestateuniversity.edu.ph,Student123!,Hiroshi,Jackson
St. Jude State University,Student,robert.aguilar45@stjudestateuniversity.edu.ph,Student123!,Robert,Aguilar
St. Jude State University,Student,aubrey.li94@stjudestateuniversity.edu.ph,Student123!,Aubrey,Li
St. Jude State University,Student,angelica.bautista11@stjudestateuniversity.edu.ph,Student123!,Angelica,Bautista
St. Jude State University,Student,hussain.nguyen24@stjudestateuniversity.edu.ph,Student123!,Hussain,Nguyen
St. Jude State University,Student,linda.singh32@stjudestateuniversity.edu.ph,Student123!,Linda,Singh
St. Jude State University,Student,sakura.aguilar26@stjudestateuniversity.edu.ph,Student123!,Sakura,Aguilar
St. Jude State University,Student,mark.davis9@stjudestateuniversity.edu.ph,Student123!,Mark,Davis
St. Jude State University,Student,amelia.cruz41@stjudestateuniversity.edu.ph,Student123!,Amelia,Dela Cruz
St. Jude State University,Student,owen.thompson71@stjudestateuniversity.edu.ph,Student123!,Owen,Thompson
St. Jude State University,Student,zoe.young88@stjudestateuniversity.edu.ph,Student123!,Zoe,Young
St. Jude State University,Student,aoi.nakamura49@stjudestateuniversity.edu.ph,Student123!,Aoi,Nakamura
St. Jude State University,Student,mason.bermudez40@stjudestateuniversity.edu.ph,Student123!,Mason,Bermudez
St. Jude State University,Student,aisha.chen35@stjudestateuniversity.edu.ph,Student123!,Aisha,Chen
St. Jude State University,Student,isaac.chen15@stjudestateuniversity.edu.ph,Student123!,Isaac,Chen
St. Jude State University,Student,aoi.zhang95@stjudestateuniversity.edu.ph,Student123!,Aoi,Zhang
St. Jude State University,Student,fatima.chen71@stjudestateuniversity.edu.ph,Student123!,Fatima,Chen
St. Jude State University,Student,adrian.wang78@stjudestateuniversity.edu.ph,Student123!,Adrian,Wang
St. Jude State University,Student,mary.ramos55@stjudestateuniversity.edu.ph,Student123!,Mary,Ramos
St. Jude State University,Student,sophia.li39@stjudestateuniversity.edu.ph,Student123!,Sophia,Li
St. Jude State University,Student,mia.ferrer26@stjudestateuniversity.edu.ph,Student123!,Mia,Ferrer
St. Jude State University,Student,enrico.moore88@stjudestateuniversity.edu.ph,Student123!,Enrico,Moore
St. Jude State University,Student,jennifer.liu8@stjudestateuniversity.edu.ph,Student123!,Jennifer,Liu
St. Jude State University,Student,matthew.tolentino27@stjudestateuniversity.edu.ph,Student123!,Matthew,Tolentino
St. Jude State University,Student,mia.lopez16@stjudestateuniversity.edu.ph,Student123!,Mia,Lopez
St. Jude State University,Student,jackson.yamamoto67@stjudestateuniversity.edu.ph,Student123!,Jackson,Yamamoto
St. Jude State University,Student,betty.yang91@stjudestateuniversity.edu.ph,Student123!,Betty,Yang
St. Jude State University,Student,isabella.tolentino42@stjudestateuniversity.edu.ph,Student123!,Isabella,Tolentino
St. Jude State University,Student,james.kim48@stjudestateuniversity.edu.ph,Student123!,James,Kim
St. Jude State University,Student,elijah.young89@stjudestateuniversity.edu.ph,Student123!,Elijah,Young
St. Jude State University,Student,aria.gupta16@stjudestateuniversity.edu.ph,Student123!,Aria,Gupta
St. Jude State University,Student,jayden.bautista63@stjudestateuniversity.edu.ph,Student123!,Jayden,Bautista
St. Jude State University,Student,jackson.torres45@stjudestateuniversity.edu.ph,Student123!,Jackson,Torres
St. Jude State University,Student,hiroshi.santos30@stjudestateuniversity.edu.ph,Student123!,Hiroshi,Santos
St. Jude State University,Student,hussain.flores47@stjudestateuniversity.edu.ph,Student123!,Hussain,Flores
St. Jude State University,Student,harper.hassan72@stjudestateuniversity.edu.ph,Student123!,Harper,Hassan
St. Jude State University,Student,liam.martinez8@stjudestateuniversity.edu.ph,Student123!,Liam,Martinez
St. Jude State University,Student,joseph.nakamura3@stjudestateuniversity.edu.ph,Student123!,Joseph,Nakamura
St. Jude State University,Student,diego.navarro18@stjudestateuniversity.edu.ph,Student123!,Diego,Navarro
St. Jude State University,Student,sai.navarro77@stjudestateuniversity.edu.ph,Student123!,Sai,Navarro
St. Jude State University,Student,aubrey.soriano63@stjudestateuniversity.edu.ph,Student123!,Aubrey,Soriano
St. Jude State University,Student,julian.johnson49@stjudestateuniversity.edu.ph,Student123!,Julian,Johnson
St. Jude State University,Student,sakura.jackson12@stjudestateuniversity.edu.ph,Student123!,Sakura,Jackson
St. Jude State University,Student,christopher.santos49@stjudestateuniversity.edu.ph,Student123!,Christopher,Santos
St. Jude State University,Student,rhea.jones19@stjudestateuniversity.edu.ph,Student123!,Rhea,Jones
St. Jude State University,Student,oliver.harris21@stjudestateuniversity.edu.ph,Student123!,Oliver,Harris
St. Jude State University,Student,carlos.king15@stjudestateuniversity.edu.ph,Student123!,Carlos,King
St. Jude State University,Student,ella.sanchez34@stjudestateuniversity.edu.ph,Student123!,Ella,Sanchez
St. Jude State University,Student,isaac.santos65@stjudestateuniversity.edu.ph,Student123!,Isaac,Santos
St. Jude State University,Student,abigail.reyes50@stjudestateuniversity.edu.ph,Student123!,Abigail,Reyes
St. Jude State University,Student,omar.hill77@stjudestateuniversity.edu.ph,Student123!,Omar,Hill
St. Jude State University,Student,harper.reyes70@stjudestateuniversity.edu.ph,Student123!,Harper,Reyes
St. Jude State University,Student,robert.johnson4@stjudestateuniversity.edu.ph,Student123!,Robert,Johnson
St. Jude State University,Student,john.davis7@stjudestateuniversity.edu.ph,Student123!,John,Davis
St. Jude State University,Student,sai.hassan68@stjudestateuniversity.edu.ph,Student123!,Sai,Hassan
St. Jude State University,Student,mateo.zhao42@stjudestateuniversity.edu.ph,Student123!,Mateo,Zhao
St. Jude State University,Student,addison.garcia88@stjudestateuniversity.edu.ph,Student123!,Addison,Garcia
St. Jude State University,Student,grace.castro92@stjudestateuniversity.edu.ph,Student123!,Grace,Castro
St. Jude State University,Student,sai.zhang48@stjudestateuniversity.edu.ph,Student123!,Sai,Zhang
St. Jude State University,Student,aisha.brown74@stjudestateuniversity.edu.ph,Student123!,Aisha,Brown
St. Jude State University,Student,ava.padilla40@stjudestateuniversity.edu.ph,Student123!,Ava,Padilla
St. Jude State University,Student,anthony.huang96@stjudestateuniversity.edu.ph,Student123!,Anthony,Huang
St. Jude State University,Student,isabella.brown46@stjudestateuniversity.edu.ph,Student123!,Isabella,Brown
St. Jude State University,Student,oliver.flores31@stjudestateuniversity.edu.ph,Student123!,Oliver,Flores
St. Jude State University,Student,robert.chen85@stjudestateuniversity.edu.ph,Student123!,Robert,Chen
St. Jude State University,Student,jessica.reddy38@stjudestateuniversity.edu.ph,Student123!,Jessica,Reddy
St. Jude State University,Student,lily.jackson19@stjudestateuniversity.edu.ph,Student123!,Lily,Jackson
St. Jude State University,Student,margaret.chen9@stjudestateuniversity.edu.ph,Student123!,Margaret,Chen
St. Jude State University,Student,sakura.cruz95@stjudestateuniversity.edu.ph,Student123!,Sakura,Cruz
St. Jude State University,Student,amelia.bermudez37@stjudestateuniversity.edu.ph,Student123!,Amelia,Bermudez
St. Jude State University,Student,ali.clark62@stjudestateuniversity.edu.ph,Student123!,Ali,Clark
St. Jude State University,Student,sai.singh6@stjudestateuniversity.edu.ph,Student123!,Sai,Singh
St. Jude State University,Student,thomas.jones33@stjudestateuniversity.edu.ph,Student123!,Thomas,Jones
St. Jude State University,Student,aarav.bermudez36@stjudestateuniversity.edu.ph,Student123!,Aarav,Bermudez
St. Jude State University,Student,sebastian.takahashi50@stjudestateuniversity.edu.ph,Student123!,Sebastian,Takahashi
St. Jude State University,Student,william.walker36@stjudestateuniversity.edu.ph,Student123!,William,Walker
St. Jude State University,Student,aiden.lewis69@stjudestateuniversity.edu.ph,Student123!,Aiden,Lewis
St. Jude State University,Student,aria.zhang43@stjudestateuniversity.edu.ph,Student123!,Aria,Zhang
St. Jude State University,Student,owen.miller46@stjudestateuniversity.edu.ph,Student123!,Owen,Miller
St. Jude State University,Student,harper.verma41@stjudestateuniversity.edu.ph,Student123!,Harper,Verma
St. Jude State University,Student,emma.thomas64@stjudestateuniversity.edu.ph,Student123!,Emma,Thomas
St. Jude State University,Student,adrian.yamamoto66@stjudestateuniversity.edu.ph,Student123!,Adrian,Yamamoto
St. Jude State University,Student,camila.white61@stjudestateuniversity.edu.ph,Student123!,Camila,White
St. Jude State University,Student,harper.king2@stjudestateuniversity.edu.ph,Student123!,Harper,King
St. Jude State University,Student,jessica.kumar56@stjudestateuniversity.edu.ph,Student123!,Jessica,Kumar
St. Jude State University,Student,carlos.nair22@stjudestateuniversity.edu.ph,Student123!,Carlos,Nair
St. Jude State University,Student,nancy.li12@stjudestateuniversity.edu.ph,Student123!,Nancy,Li
St. Jude State University,Student,hiroshi.chen97@stjudestateuniversity.edu.ph,Student123!,Hiroshi,Chen
St. Jude State University,Student,samuel.singh41@stjudestateuniversity.edu.ph,Student123!,Samuel,Singh
St. Jude State University,Student,owen.singh79@stjudestateuniversity.edu.ph,Student123!,Owen,Singh
St. Jude State University,Student,david.jones14@stjudestateuniversity.edu.ph,Student123!,David,Jones
St. Jude State University,Student,sofia.rizal58@stjudestateuniversity.edu.ph,Student123!,Sofia,Rizal
St. Jude State University,Student,aisha.sharma17@stjudestateuniversity.edu.ph,Student123!,Aisha,Sharma
St. Jude State University,Student,aoi.thomas20@stjudestateuniversity.edu.ph,Student123!,Aoi,Thomas
St. Jude State University,Student,aubrey.hernandez34@stjudestateuniversity.edu.ph,Student123!,Aubrey,Hernandez
St. Jude State University,Student,czarina.williams62@stjudestateuniversity.edu.ph,Student123!,Czarina,Williams
St. Jude State University,Student,hussain.wilson4@stjudestateuniversity.edu.ph,Student123!,Hussain,Wilson
St. Jude State University,Student,jasmine.ito54@stjudestateuniversity.edu.ph,Student123!,Jasmine,Ito
St. Jude State University,Student,patricia.verma81@stjudestateuniversity.edu.ph,Student123!,Patricia,Verma
St. Jude State University,Student,mary.miranda13@stjudestateuniversity.edu.ph,Student123!,Mary,Miranda
St. Jude State University,Student,mei.ocampo83@stjudestateuniversity.edu.ph,Student123!,Mei,Ocampo
St. Jude State University,Student,czarina.liu75@stjudestateuniversity.edu.ph,Student123!,Czarina,Liu
St. Jude State University,Student,grace.das91@stjudestateuniversity.edu.ph,Student123!,Grace,Das
St. Jude State University,Student,amelia.gonzalez52@stjudestateuniversity.edu.ph,Student123!,Amelia,Gonzalez
St. Jude State University,Student,katrina.bautista25@stjudestateuniversity.edu.ph,Student123!,Katrina,Bautista
St. Jude State University,Student,diya.nair92@stjudestateuniversity.edu.ph,Student123!,Diya,Nair
St. Jude State University,Student,joseph.wang64@stjudestateuniversity.edu.ph,Student123!,Joseph,Wang
St. Jude State University,Student,sandra.sharma29@stjudestateuniversity.edu.ph,Student123!,Sandra,Sharma
St. Jude State University,Student,jackson.jain77@stjudestateuniversity.edu.ph,Student123!,Jackson,Jain
St. Jude State University,Student,camille.wang29@stjudestateuniversity.edu.ph,Student123!,Camille,Wang
St. Jude State University,Student,luke.das72@stjudestateuniversity.edu.ph,Student123!,Luke,Das
St. Jude State University,Student,camila.martin8@stjudestateuniversity.edu.ph,Student123!,Camila,Martin
St. Jude State University,Student,abigail.patel40@stjudestateuniversity.edu.ph,Student123!,Abigail,Patel
St. Jude State University,Student,addison.wang95@stjudestateuniversity.edu.ph,Student123!,Addison,Wang
St. Jude State University,Student,camila.ferrer14@stjudestateuniversity.edu.ph,Student123!,Camila,Ferrer
St. Jude State University,Student,john.singh74@stjudestateuniversity.edu.ph,Student123!,John,Singh
St. Jude State University,Student,david.watanabe32@stjudestateuniversity.edu.ph,Student123!,David,Watanabe
St. Jude State University,Student,chloe.verma14@stjudestateuniversity.edu.ph,Student123!,Chloe,Verma
St. Jude State University,Student,dylan.pascual59@stjudestateuniversity.edu.ph,Student123!,Dylan,Pascual
St. Jude State University,Student,valentina.alcantara94@stjudestateuniversity.edu.ph,Student123!,Valentina,Alcantara
St. Jude State University,Student,yuki.aquino40@stjudestateuniversity.edu.ph,Student123!,Yuki,Aquino
St. Jude State University,Student,carter.white31@stjudestateuniversity.edu.ph,Student123!,Carter,White
St. Jude State University,Student,robert.king48@stjudestateuniversity.edu.ph,Student123!,Robert,King
St. Jude State University,Student,evelyn.domingo57@stjudestateuniversity.edu.ph,Student123!,Evelyn,Domingo
St. Jude State University,Student,patricia.watanabe42@stjudestateuniversity.edu.ph,Student123!,Patricia,Watanabe
St. Jude State University,Student,sofia.tanaka93@stjudestateuniversity.edu.ph,Student123!,Sofia,Tanaka
St. Jude State University,Student,paolo.rizal18@stjudestateuniversity.edu.ph,Student123!,Paolo,Rizal
St. Jude State University,Student,elijah.ramirez60@stjudestateuniversity.edu.ph,Student123!,Elijah,Ramirez
St. Jude State University,Student,karen.gupta75@stjudestateuniversity.edu.ph,Student123!,Karen,Gupta
St. Jude State University,Student,juan.singh56@stjudestateuniversity.edu.ph,Student123!,Juan,Singh
St. Jude State University,Student,oliver.nguyen28@stjudestateuniversity.edu.ph,Student123!,Oliver,Nguyen
St. Jude State University,Student,paolo.young91@stjudestateuniversity.edu.ph,Student123!,Paolo,Young
St. Jude State University,Student,ava.chen44@stjudestateuniversity.edu.ph,Student123!,Ava,Chen
St. Jude State University,Student,alejandro.white54@stjudestateuniversity.edu.ph,Student123!,Alejandro,White
St. Jude State University,Student,aiden.guzman38@stjudestateuniversity.edu.ph,Student123!,Aiden,Guzman
St. Jude State University,Student,evelyn.sato60@stjudestateuniversity.edu.ph,Student123!,Evelyn,Sato
St. Jude State University,Student,isabella.takahashi80@stjudestateuniversity.edu.ph,Student123!,Isabella,Takahashi
St. Jude State University,Student,william.suzuki75@stjudestateuniversity.edu.ph,Student123!,William,Suzuki
St. Jude State University,Student,luke.martinez70@stjudestateuniversity.edu.ph,Student123!,Luke,Martinez
St. Jude State University,Student,aubrey.yang92@stjudestateuniversity.edu.ph,Student123!,Aubrey,Yang
St. Jude State University,Student,elizabeth.taylor34@stjudestateuniversity.edu.ph,Student123!,Elizabeth,Taylor
St. Jude State University,Student,mason.cortez35@stjudestateuniversity.edu.ph,Student123!,Mason,Cortez
St. Jude State University,Student,christian.king54@stjudestateuniversity.edu.ph,Student123!,Christian,King
St. Jude State University,Student,sanya.ferrer47@stjudestateuniversity.edu.ph,Student123!,Sanya,Ferrer
St. Jude State University,Student,jennifer.zhang23@stjudestateuniversity.edu.ph,Student123!,Jennifer,Zhang
St. Jude State University,Student,sebastian.lewis96@stjudestateuniversity.edu.ph,Student123!,Sebastian,Lewis
St. Jude State University,Student,dylan.huang64@stjudestateuniversity.edu.ph,Student123!,Dylan,Huang
St. Jude State University,Student,grace.bautista49@stjudestateuniversity.edu.ph,Student123!,Grace,Bautista
St. Jude State University,Student,amelia.santos7@stjudestateuniversity.edu.ph,Student123!,Amelia,Santos
St. Jude State University,Student,matthew.rodriguez30@stjudestateuniversity.edu.ph,Student123!,Matthew,Rodriguez
St. Jude State University,Student,susan.white91@stjudestateuniversity.edu.ph,Student123!,Susan,White
St. Jude State University,Student,liam.zhao15@stjudestateuniversity.edu.ph,Student123!,Liam,Zhao
St. Jude State University,Student,ella.perez99@stjudestateuniversity.edu.ph,Student123!,Ella,Perez
St. Jude State University,Student,paolo.kumar39@stjudestateuniversity.edu.ph,Student123!,Paolo,Kumar
St. Jude State University,Student,john.rivera28@stjudestateuniversity.edu.ph,Student123!,John,Rivera
St. Jude State University,Student,sophia.scott18@stjudestateuniversity.edu.ph,Student123!,Sophia,Scott
